//////////////////
SET IDENTITY_INSERT [dbo].[HoaDon] ON
INSERT INTO [dbo].[HoaDon] ([idHoaDon], [idBan], [idNhanVien], [idKhachHang], [thoiGianTao], [thoiGianThanhToan], [trangThai], [tongTienGoc], [giamGia], [TongPhuThu], [phuongThucThanhToan], [ghiChu], [LoaiHoaDon], [TrangThaiGiaoHang], [DiaChiGiaoHang], [SoDienThoaiGiaoHang], [idNguoiGiaoHang]) VALUES (1, 2, 3, 2, N'2025-11-03 19:00:00', NULL, N'Đã hủy', CAST(90000.00 AS Decimal(18, 2)), CAST(18000.00 AS Decimal(18, 2)), CAST(0.00 AS Decimal(18, 2)), NULL, NULL, N'Tại quán', NULL, NULL, NULL, NULL)
INSERT INTO [dbo].[HoaDon] ([idHoaDon], [idBan], [idNhanVien], [idKhachHang], [thoiGianTao], [thoiGianThanhToan], [trangThai], [tongTienGoc], [giamGia], [TongPhuThu], [phuongThucThanhToan], [ghiChu], [LoaiHoaDon], [TrangThaiGiaoHang], [DiaChiGiaoHang], [SoDienThoaiGiaoHang], [idNguoiGiaoHang]) VALUES (2, 2, 4, 1, N'2025-11-02 10:00:00', N'2025-11-02 11:00:00', N'Đã thanh toán', CAST(55000.00 AS Decimal(18, 2)), CAST(0.00 AS Decimal(18, 2)), CAST(0.00 AS Decimal(18, 2)), NULL, NULL, N'Tại quán', NULL, NULL, NULL, NULL)
INSERT INTO [dbo].[HoaDon] ([idHoaDon], [idBan], [idNhanVien], [idKhachHang], [thoiGianTao], [thoiGianThanhToan], [trangThai], [tongTienGoc], [giamGia], [TongPhuThu], [phuongThucThanhToan], [ghiChu], [LoaiHoaDon], [TrangThaiGiaoHang], [DiaChiGiaoHang], [SoDienThoaiGiaoHang], [idNguoiGiaoHang]) VALUES (3, 3, 4, 3, N'2025-11-03 09:00:00', N'2025-11-03 09:30:00', N'Đã thanh toán', CAST(80000.00 AS Decimal(18, 2)), CAST(0.00 AS Decimal(18, 2)), CAST(0.00 AS Decimal(18, 2)), NULL, NULL, N'Tại quán', NULL, NULL, NULL, NULL)
INSERT INTO [dbo].[HoaDon] ([idHoaDon], [idBan], [idNhanVien], [idKhachHang], [thoiGianTao], [thoiGianThanhToan], [trangThai], [tongTienGoc], [giamGia], [TongPhuThu], [phuongThucThanhToan], [ghiChu], [LoaiHoaDon], [TrangThaiGiaoHang], [DiaChiGiaoHang], [SoDienThoaiGiaoHang], [idNguoiGiaoHang]) VALUES (4, NULL, 3, 1, N'2025-11-03 11:00:00', N'2025-11-03 11:05:00', N'Đã thanh toán', CAST(35000.00 AS Decimal(18, 2)), CAST(0.00 AS Decimal(18, 2)), CAST(5000.00 AS Decimal(18, 2)), NULL, NULL, N'Mang về', NULL, NULL, NULL, NULL)
INSERT INTO [dbo].[HoaDon] ([idHoaDon], [idBan], [idNhanVien], [idKhachHang], [thoiGianTao], [thoiGianThanhToan], [trangThai], [tongTienGoc], [giamGia], [TongPhuThu], [phuongThucThanhToan], [ghiChu], [LoaiHoaDon], [TrangThaiGiaoHang], [DiaChiGiaoHang], [SoDienThoaiGiaoHang], [idNguoiGiaoHang]) VALUES (5, NULL, 3, 5, N'2025-11-03 14:00:00', N'2025-11-03 14:05:00', N'Đã thanh toán', CAST(100000.00 AS Decimal(18, 2)), CAST(10000.00 AS Decimal(18, 2)), CAST(0.00 AS Decimal(18, 2)), NULL, NULL, N'Giao hàng', NULL, NULL, NULL, 1)
INSERT INTO [dbo].[HoaDon] ([idHoaDon], [idBan], [idNhanVien], [idKhachHang], [thoiGianTao], [thoiGianThanhToan], [trangThai], [tongTienGoc], [giamGia], [TongPhuThu], [phuongThucThanhToan], [ghiChu], [LoaiHoaDon], [TrangThaiGiaoHang], [DiaChiGiaoHang], [SoDienThoaiGiaoHang], [idNguoiGiaoHang]) VALUES (7, 7, 2, 7, N'2025-11-02 14:00:00', N'2025-11-02 16:00:00', N'Đã thanh toán', CAST(250000.00 AS Decimal(18, 2)), CAST(0.00 AS Decimal(18, 2)), CAST(50000.00 AS Decimal(18, 2)), NULL, NULL, N'Tại quán', NULL, NULL, NULL, NULL)
INSERT INTO [dbo].[HoaDon] ([idHoaDon], [idBan], [idNhanVien], [idKhachHang], [thoiGianTao], [thoiGianThanhToan], [trangThai], [tongTienGoc], [giamGia], [TongPhuThu], [phuongThucThanhToan], [ghiChu], [LoaiHoaDon], [TrangThaiGiaoHang], [DiaChiGiaoHang], [SoDienThoaiGiaoHang], [idNguoiGiaoHang]) VALUES (8, NULL, 3, 4, N'2025-11-04 08:00:00', N'2025-11-04 08:05:00', N'Đã thanh toán', CAST(60000.00 AS Decimal(18, 2)), CAST(0.00 AS Decimal(18, 2)), CAST(5000.00 AS Decimal(18, 2)), NULL, NULL, N'Mang về', NULL, NULL, NULL, NULL)
INSERT INTO [dbo].[HoaDon] ([idHoaDon], [idBan], [idNhanVien], [idKhachHang], [thoiGianTao], [thoiGianThanhToan], [trangThai], [tongTienGoc], [giamGia], [TongPhuThu], [phuongThucThanhToan], [ghiChu], [LoaiHoaDon], [TrangThaiGiaoHang], [DiaChiGiaoHang], [SoDienThoaiGiaoHang], [idNguoiGiaoHang]) VALUES (10, 4, 3, 5, N'2025-11-05 05:41:49', NULL, N'Đã hủy', CAST(35000.00 AS Decimal(18, 2)), CAST(0.00 AS Decimal(18, 2)), CAST(0.00 AS Decimal(18, 2)), NULL, NULL, N'Tại quán', NULL, NULL, NULL, NULL)
INSERT INTO [dbo].[HoaDon] ([idHoaDon], [idBan], [idNhanVien], [idKhachHang], [thoiGianTao], [thoiGianThanhToan], [trangThai], [tongTienGoc], [giamGia], [TongPhuThu], [phuongThucThanhToan], [ghiChu], [LoaiHoaDon], [TrangThaiGiaoHang], [DiaChiGiaoHang], [SoDienThoaiGiaoHang], [idNguoiGiaoHang]) VALUES (11, NULL, 3, NULL, N'2025-11-05 05:59:34', NULL, N'Chưa thanh toán', CAST(0.00 AS Decimal(18, 2)), CAST(0.00 AS Decimal(18, 2)), CAST(0.00 AS Decimal(18, 2)), NULL, NULL, N'Mang về', NULL, NULL, NULL, NULL)
INSERT INTO [dbo].[HoaDon] ([idHoaDon], [idBan], [idNhanVien], [idKhachHang], [thoiGianTao], [thoiGianThanhToan], [trangThai], [tongTienGoc], [giamGia], [TongPhuThu], [phuongThucThanhToan], [ghiChu], [LoaiHoaDon], [TrangThaiGiaoHang], [DiaChiGiaoHang], [SoDienThoaiGiaoHang], [idNguoiGiaoHang]) VALUES (12, NULL, 3, NULL, N'2025-11-05 06:13:46', NULL, N'Chưa thanh toán', CAST(0.00 AS Decimal(18, 2)), CAST(0.00 AS Decimal(18, 2)), CAST(0.00 AS Decimal(18, 2)), NULL, NULL, N'Mang về', NULL, NULL, NULL, NULL)
INSERT INTO [dbo].[HoaDon] ([idHoaDon], [idBan], [idNhanVien], [idKhachHang], [thoiGianTao], [thoiGianThanhToan], [trangThai], [tongTienGoc], [giamGia], [TongPhuThu], [phuongThucThanhToan], [ghiChu], [LoaiHoaDon], [TrangThaiGiaoHang], [DiaChiGiaoHang], [SoDienThoaiGiaoHang], [idNguoiGiaoHang]) VALUES (15, 4, 3, NULL, N'2025-11-05 09:39:55', NULL, N'Đã hủy', CAST(0.00 AS Decimal(18, 2)), CAST(0.00 AS Decimal(18, 2)), CAST(0.00 AS Decimal(18, 2)), NULL, NULL, N'Tại quán', NULL, NULL, NULL, NULL)
INSERT INTO [dbo].[HoaDon] ([idHoaDon], [idBan], [idNhanVien], [idKhachHang], [thoiGianTao], [thoiGianThanhToan], [trangThai], [tongTienGoc], [giamGia], [TongPhuThu], [phuongThucThanhToan], [ghiChu], [LoaiHoaDon], [TrangThaiGiaoHang], [DiaChiGiaoHang], [SoDienThoaiGiaoHang], [idNguoiGiaoHang]) VALUES (16, 6, 3, NULL, N'2025-11-05 09:40:08', NULL, N'Đã hủy', CAST(0.00 AS Decimal(18, 2)), CAST(0.00 AS Decimal(18, 2)), CAST(0.00 AS Decimal(18, 2)), NULL, NULL, N'Tại quán', NULL, NULL, NULL, NULL)
INSERT INTO [dbo].[HoaDon] ([idHoaDon], [idBan], [idNhanVien], [idKhachHang], [thoiGianTao], [thoiGianThanhToan], [trangThai], [tongTienGoc], [giamGia], [TongPhuThu], [phuongThucThanhToan], [ghiChu], [LoaiHoaDon], [TrangThaiGiaoHang], [DiaChiGiaoHang], [SoDienThoaiGiaoHang], [idNguoiGiaoHang]) VALUES (17, 3, 3, NULL, N'2025-11-05 09:43:57', NULL, N'Đã hủy', CAST(0.00 AS Decimal(18, 2)), CAST(0.00 AS Decimal(18, 2)), CAST(0.00 AS Decimal(18, 2)), NULL, NULL, N'Tại quán', NULL, NULL, NULL, NULL)
INSERT INTO [dbo].[HoaDon] ([idHoaDon], [idBan], [idNhanVien], [idKhachHang], [thoiGianTao], [thoiGianThanhToan], [trangThai], [tongTienGoc], [giamGia], [TongPhuThu], [phuongThucThanhToan], [ghiChu], [LoaiHoaDon], [TrangThaiGiaoHang], [DiaChiGiaoHang], [SoDienThoaiGiaoHang], [idNguoiGiaoHang]) VALUES (18, 1, 3, NULL, N'2025-11-05 09:44:56', NULL, N'Đã hủy', CAST(35000.00 AS Decimal(18, 2)), CAST(0.00 AS Decimal(18, 2)), CAST(0.00 AS Decimal(18, 2)), NULL, NULL, N'Tại quán', NULL, NULL, NULL, NULL)
INSERT INTO [dbo].[HoaDon] ([idHoaDon], [idBan], [idNhanVien], [idKhachHang], [thoiGianTao], [thoiGianThanhToan], [trangThai], [tongTienGoc], [giamGia], [TongPhuThu], [phuongThucThanhToan], [ghiChu], [LoaiHoaDon], [TrangThaiGiaoHang], [DiaChiGiaoHang], [SoDienThoaiGiaoHang], [idNguoiGiaoHang]) VALUES (20, 7, 3, NULL, N'2025-11-05 10:13:27', NULL, N'Đã hủy', CAST(50000.00 AS Decimal(18, 2)), CAST(0.00 AS Decimal(18, 2)), CAST(0.00 AS Decimal(18, 2)), NULL, NULL, N'Tại quán', NULL, NULL, NULL, NULL)
INSERT INTO [dbo].[HoaDon] ([idHoaDon], [idBan], [idNhanVien], [idKhachHang], [thoiGianTao], [thoiGianThanhToan], [trangThai], [tongTienGoc], [giamGia], [TongPhuThu], [phuongThucThanhToan], [ghiChu], [LoaiHoaDon], [TrangThaiGiaoHang], [DiaChiGiaoHang], [SoDienThoaiGiaoHang], [idNguoiGiaoHang]) VALUES (22, 8, 3, NULL, N'2025-11-05 12:55:14', NULL, N'Đã hủy', CAST(0.00 AS Decimal(18, 2)), CAST(0.00 AS Decimal(18, 2)), CAST(0.00 AS Decimal(18, 2)), NULL, NULL, N'Tại quán', NULL, NULL, NULL, NULL)
INSERT INTO [dbo].[HoaDon] ([idHoaDon], [idBan], [idNhanVien], [idKhachHang], [thoiGianTao], [thoiGianThanhToan], [trangThai], [tongTienGoc], [giamGia], [TongPhuThu], [phuongThucThanhToan], [ghiChu], [LoaiHoaDon], [TrangThaiGiaoHang], [DiaChiGiaoHang], [SoDienThoaiGiaoHang], [idNguoiGiaoHang]) VALUES (24, NULL, 3, NULL, N'2025-11-05 13:37:26', NULL, N'Chưa thanh toán', CAST(0.00 AS Decimal(18, 2)), CAST(0.00 AS Decimal(18, 2)), CAST(0.00 AS Decimal(18, 2)), NULL, NULL, N'Tại quán', NULL, NULL, NULL, NULL)
INSERT INTO [dbo].[HoaDon] ([idHoaDon], [idBan], [idNhanVien], [idKhachHang], [thoiGianTao], [thoiGianThanhToan], [trangThai], [tongTienGoc], [giamGia], [TongPhuThu], [phuongThucThanhToan], [ghiChu], [LoaiHoaDon], [TrangThaiGiaoHang], [DiaChiGiaoHang], [SoDienThoaiGiaoHang], [idNguoiGiaoHang]) VALUES (25, 2, 3, NULL, N'2025-11-05 17:15:25', NULL, N'Đã hủy', CAST(0.00 AS Decimal(18, 2)), CAST(0.00 AS Decimal(18, 2)), CAST(0.00 AS Decimal(18, 2)), NULL, NULL, N'Tại quán', NULL, NULL, NULL, NULL)
INSERT INTO [dbo].[HoaDon] ([idHoaDon], [idBan], [idNhanVien], [idKhachHang], [thoiGianTao], [thoiGianThanhToan], [trangThai], [tongTienGoc], [giamGia], [TongPhuThu], [phuongThucThanhToan], [ghiChu], [LoaiHoaDon], [TrangThaiGiaoHang], [DiaChiGiaoHang], [SoDienThoaiGiaoHang], [idNguoiGiaoHang]) VALUES (26, 2, 3, NULL, N'2025-11-05 17:29:00', NULL, N'Đã hủy', CAST(180000.00 AS Decimal(18, 2)), CAST(0.00 AS Decimal(18, 2)), CAST(0.00 AS Decimal(18, 2)), NULL, NULL, N'Tại quán', NULL, NULL, NULL, NULL)
INSERT INTO [dbo].[HoaDon] ([idHoaDon], [idBan], [idNhanVien], [idKhachHang], [thoiGianTao], [thoiGianThanhToan], [trangThai], [tongTienGoc], [giamGia], [TongPhuThu], [phuongThucThanhToan], [ghiChu], [LoaiHoaDon], [TrangThaiGiaoHang], [DiaChiGiaoHang], [SoDienThoaiGiaoHang], [idNguoiGiaoHang]) VALUES (27, 2, 3, NULL, N'2025-11-05 17:31:00', NULL, N'Đã hủy', CAST(0.00 AS Decimal(18, 2)), CAST(0.00 AS Decimal(18, 2)), CAST(0.00 AS Decimal(18, 2)), NULL, NULL, N'Tại quán', NULL, NULL, NULL, NULL)
INSERT INTO [dbo].[HoaDon] ([idHoaDon], [idBan], [idNhanVien], [idKhachHang], [thoiGianTao], [thoiGianThanhToan], [trangThai], [tongTienGoc], [giamGia], [TongPhuThu], [phuongThucThanhToan], [ghiChu], [LoaiHoaDon], [TrangThaiGiaoHang], [DiaChiGiaoHang], [SoDienThoaiGiaoHang], [idNguoiGiaoHang]) VALUES (28, 1, 3, NULL, N'2025-11-05 17:34:01', NULL, N'Đã hủy', CAST(105000.00 AS Decimal(18, 2)), CAST(0.00 AS Decimal(18, 2)), CAST(0.00 AS Decimal(18, 2)), NULL, NULL, N'Tại quán', NULL, NULL, NULL, NULL)
INSERT INTO [dbo].[HoaDon] ([idHoaDon], [idBan], [idNhanVien], [idKhachHang], [thoiGianTao], [thoiGianThanhToan], [trangThai], [tongTienGoc], [giamGia], [TongPhuThu], [phuongThucThanhToan], [ghiChu], [LoaiHoaDon], [TrangThaiGiaoHang], [DiaChiGiaoHang], [SoDienThoaiGiaoHang], [idNguoiGiaoHang]) VALUES (29, 2, 3, NULL, N'2025-11-05 17:45:57', NULL, N'Đã hủy', CAST(0.00 AS Decimal(18, 2)), CAST(0.00 AS Decimal(18, 2)), CAST(0.00 AS Decimal(18, 2)), NULL, NULL, N'Tại quán', NULL, NULL, NULL, NULL)
INSERT INTO [dbo].[HoaDon] ([idHoaDon], [idBan], [idNhanVien], [idKhachHang], [thoiGianTao], [thoiGianThanhToan], [trangThai], [tongTienGoc], [giamGia], [TongPhuThu], [phuongThucThanhToan], [ghiChu], [LoaiHoaDon], [TrangThaiGiaoHang], [DiaChiGiaoHang], [SoDienThoaiGiaoHang], [idNguoiGiaoHang]) VALUES (30, 3, 3, NULL, N'2025-11-05 18:01:25', NULL, N'Đã hủy', CAST(0.00 AS Decimal(18, 2)), CAST(0.00 AS Decimal(18, 2)), CAST(0.00 AS Decimal(18, 2)), NULL, NULL, N'Tại quán', NULL, NULL, NULL, NULL)
INSERT INTO [dbo].[HoaDon] ([idHoaDon], [idBan], [idNhanVien], [idKhachHang], [thoiGianTao], [thoiGianThanhToan], [trangThai], [tongTienGoc], [giamGia], [TongPhuThu], [phuongThucThanhToan], [ghiChu], [LoaiHoaDon], [TrangThaiGiaoHang], [DiaChiGiaoHang], [SoDienThoaiGiaoHang], [idNguoiGiaoHang]) VALUES (31, NULL, 3, NULL, N'2025-11-05 18:07:31', N'2025-11-05 18:07:38', N'Đã thanh toán', CAST(80000.00 AS Decimal(18, 2)), CAST(0.00 AS Decimal(18, 2)), CAST(0.00 AS Decimal(18, 2)), N'Tiền mặt', NULL, N'Tại quán', NULL, NULL, NULL, NULL)
INSERT INTO [dbo].[HoaDon] ([idHoaDon], [idBan], [idNhanVien], [idKhachHang], [thoiGianTao], [thoiGianThanhToan], [trangThai], [tongTienGoc], [giamGia], [TongPhuThu], [phuongThucThanhToan], [ghiChu], [LoaiHoaDon], [TrangThaiGiaoHang], [DiaChiGiaoHang], [SoDienThoaiGiaoHang], [idNguoiGiaoHang]) VALUES (32, 3, 3, NULL, N'2025-11-05 18:07:59', NULL, N'Đã hủy', CAST(0.00 AS Decimal(18, 2)), CAST(0.00 AS Decimal(18, 2)), CAST(0.00 AS Decimal(18, 2)), NULL, NULL, N'Tại quán', NULL, NULL, NULL, NULL)
INSERT INTO [dbo].[HoaDon] ([idHoaDon], [idBan], [idNhanVien], [idKhachHang], [thoiGianTao], [thoiGianThanhToan], [trangThai], [tongTienGoc], [giamGia], [TongPhuThu], [phuongThucThanhToan], [ghiChu], [LoaiHoaDon], [TrangThaiGiaoHang], [DiaChiGiaoHang], [SoDienThoaiGiaoHang], [idNguoiGiaoHang]) VALUES (33, 4, 3, NULL, N'2025-11-05 18:23:55', NULL, N'Chưa thanh toán', CAST(0.00 AS Decimal(18, 2)), CAST(0.00 AS Decimal(18, 2)), CAST(0.00 AS Decimal(18, 2)), NULL, NULL, N'Tại quán', NULL, NULL, NULL, NULL)
INSERT INTO [dbo].[HoaDon] ([idHoaDon], [idBan], [idNhanVien], [idKhachHang], [thoiGianTao], [thoiGianThanhToan], [trangThai], [tongTienGoc], [giamGia], [TongPhuThu], [phuongThucThanhToan], [ghiChu], [LoaiHoaDon], [TrangThaiGiaoHang], [DiaChiGiaoHang], [SoDienThoaiGiaoHang], [idNguoiGiaoHang]) VALUES (34, 3, 3, NULL, N'2025-11-05 18:36:00', NULL, N'Chưa thanh toán', CAST(0.00 AS Decimal(18, 2)), CAST(0.00 AS Decimal(18, 2)), CAST(0.00 AS Decimal(18, 2)), NULL, NULL, N'Tại quán', NULL, NULL, NULL, NULL)
INSERT INTO [dbo].[HoaDon] ([idHoaDon], [idBan], [idNhanVien], [idKhachHang], [thoiGianTao], [thoiGianThanhToan], [trangThai], [tongTienGoc], [giamGia], [TongPhuThu], [phuongThucThanhToan], [ghiChu], [LoaiHoaDon], [TrangThaiGiaoHang], [DiaChiGiaoHang], [SoDienThoaiGiaoHang], [idNguoiGiaoHang]) VALUES (35, 2, 3, NULL, N'2025-11-05 18:57:06', NULL, N'Chưa thanh toán', CAST(215000.00 AS Decimal(18, 2)), CAST(15000.00 AS Decimal(18, 2)), CAST(0.00 AS Decimal(18, 2)), NULL, NULL, N'Tại quán', NULL, NULL, NULL, NULL)
INSERT INTO [dbo].[HoaDon] ([idHoaDon], [idBan], [idNhanVien], [idKhachHang], [thoiGianTao], [thoiGianThanhToan], [trangThai], [tongTienGoc], [giamGia], [TongPhuThu], [phuongThucThanhToan], [ghiChu], [LoaiHoaDon], [TrangThaiGiaoHang], [DiaChiGiaoHang], [SoDienThoaiGiaoHang], [idNguoiGiaoHang]) VALUES (36, 6, 3, NULL, N'2025-11-05 18:59:00', NULL, N'Đã hủy', CAST(0.00 AS Decimal(18, 2)), CAST(0.00 AS Decimal(18, 2)), CAST(0.00 AS Decimal(18, 2)), NULL, NULL, N'Tại quán', NULL, NULL, NULL, NULL)
INSERT INTO [dbo].[HoaDon] ([idHoaDon], [idBan], [idNhanVien], [idKhachHang], [thoiGianTao], [thoiGianThanhToan], [trangThai], [tongTienGoc], [giamGia], [TongPhuThu], [phuongThucThanhToan], [ghiChu], [LoaiHoaDon], [TrangThaiGiaoHang], [DiaChiGiaoHang], [SoDienThoaiGiaoHang], [idNguoiGiaoHang]) VALUES (37, NULL, 3, NULL, N'2025-11-05 19:06:56', N'2025-11-05 19:07:08', N'Đã thanh toán', CAST(130000.00 AS Decimal(18, 2)), CAST(0.00 AS Decimal(18, 2)), CAST(0.00 AS Decimal(18, 2)), N'Tiền mặt', NULL, N'Tại quán', NULL, NULL, NULL, NULL)
INSERT INTO [dbo].[HoaDon] ([idHoaDon], [idBan], [idNhanVien], [idKhachHang], [thoiGianTao], [thoiGianThanhToan], [trangThai], [tongTienGoc], [giamGia], [TongPhuThu], [phuongThucThanhToan], [ghiChu], [LoaiHoaDon], [TrangThaiGiaoHang], [DiaChiGiaoHang], [SoDienThoaiGiaoHang], [idNguoiGiaoHang]) VALUES (38, 1, 3, NULL, N'2025-11-05 19:15:31', NULL, N'Chưa thanh toán', CAST(35000.00 AS Decimal(18, 2)), CAST(0.00 AS Decimal(18, 2)), CAST(0.00 AS Decimal(18, 2)), NULL, NULL, N'Tại quán', NULL, NULL, NULL, NULL)
INSERT INTO [dbo].[HoaDon] ([idHoaDon], [idBan], [idNhanVien], [idKhachHang], [thoiGianTao], [thoiGianThanhToan], [trangThai], [tongTienGoc], [giamGia], [TongPhuThu], [phuongThucThanhToan], [ghiChu], [LoaiHoaDon], [TrangThaiGiaoHang], [DiaChiGiaoHang], [SoDienThoaiGiaoHang], [idNguoiGiaoHang]) VALUES (39, 2, 3, NULL, N'2025-11-05 20:00:57', NULL, N'Chưa thanh toán', CAST(220000.00 AS Decimal(18, 2)), CAST(15000.00 AS Decimal(18, 2)), CAST(0.00 AS Decimal(18, 2)), NULL, NULL, N'Tại quán', NULL, NULL, NULL, NULL)
INSERT INTO [dbo].[HoaDon] ([idHoaDon], [idBan], [idNhanVien], [idKhachHang], [thoiGianTao], [thoiGianThanhToan], [trangThai], [tongTienGoc], [giamGia], [TongPhuThu], [phuongThucThanhToan], [ghiChu], [LoaiHoaDon], [TrangThaiGiaoHang], [DiaChiGiaoHang], [SoDienThoaiGiaoHang], [idNguoiGiaoHang]) VALUES (40, 3, 3, NULL, N'2025-11-06 03:50:24', NULL, N'Chưa thanh toán', CAST(35000.00 AS Decimal(18, 2)), CAST(0.00 AS Decimal(18, 2)), CAST(0.00 AS Decimal(18, 2)), NULL, NULL, N'Tại quán', NULL, NULL, NULL, NULL)
SET IDENTITY_INSERT [dbo].[HoaDon] OFF

///////////////////////
INSERT INTO [dbo].[HoaDon_KhuyenMai] ([idHoaDon], [idKhuyenMai]) VALUES (1, 7)
INSERT INTO [dbo].[HoaDon_KhuyenMai] ([idHoaDon], [idKhuyenMai]) VALUES (5, 3)
INSERT INTO [dbo].[HoaDon_KhuyenMai] ([idHoaDon], [idKhuyenMai]) VALUES (35, 6)
INSERT INTO [dbo].[HoaDon_KhuyenMai] ([idHoaDon], [idKhuyenMai]) VALUES (39, 6)
//////////////////
SET IDENTITY_INSERT [dbo].[KhuyenMai] ON
INSERT INTO [dbo].[KhuyenMai] ([idKhuyenMai], [maKhuyenMai], [tenChuongTrinh], [moTa], [loaiGiamGia], [giaTriGiam], [ngayBatDau], [ngayKetThuc], [dieuKienApDung], [soLuongConLai], [TrangThai], [GiamToiDa], [IdSanPhamApDung], [HoaDonToiThieu], [GioBatDau], [GioKetThuc], [NgayTrongTuan]) VALUES (1, N'WELCOME10', N'Giảm 10% cho thành viên mới', N'Giảm 10% cho thành viên mới', N'PhanTram', CAST(10.00 AS Decimal(18, 2)), N'2025-01-01 00:00:00', N'2025-12-31 00:00:00', N'', 100, N'Tạm dừng', CAST(50000.00 AS Decimal(18, 2)), NULL, NULL, N'00:00:00', N'23:59:00', NULL)
INSERT INTO [dbo].[KhuyenMai] ([idKhuyenMai], [maKhuyenMai], [tenChuongTrinh], [moTa], [loaiGiamGia], [giaTriGiam], [ngayBatDau], [ngayKetThuc], [dieuKienApDung], [soLuongConLai], [TrangThai], [GiamToiDa], [IdSanPhamApDung], [HoaDonToiThieu], [GioBatDau], [GioKetThuc], [NgayTrongTuan]) VALUES (3, N'FREESHIP', N'FREESHIP', N'FREESHIP', N'SoTien', CAST(30000.00 AS Decimal(18, 2)), N'2025-11-01 00:00:00', N'2025-11-05 00:00:00', N'', 100, N'Hết hạn', NULL, NULL, CAST(100000.00 AS Decimal(18, 2)), N'00:00:00', N'23:59:00', NULL)
INSERT INTO [dbo].[KhuyenMai] ([idKhuyenMai], [maKhuyenMai], [tenChuongTrinh], [moTa], [loaiGiamGia], [giaTriGiam], [ngayBatDau], [ngayKetThuc], [dieuKienApDung], [soLuongConLai], [TrangThai], [GiamToiDa], [IdSanPhamApDung], [HoaDonToiThieu], [GioBatDau], [GioKetThuc], [NgayTrongTuan]) VALUES (4, N'BLACKFRIDAY', N'Giảm 50% Cà Phê', N'Giảm Giá Black Friday', N'PhanTram', CAST(50.00 AS Decimal(18, 2)), N'2025-11-28 00:00:00', N'2025-11-28 00:00:00', N'Giảm 50% giảm tối đa 100k cho đơn tối thiểu 0đ', 100, N'Hoạt động', CAST(100000.00 AS Decimal(18, 2)), NULL, NULL, N'00:00:00', N'23:59:00', NULL)
INSERT INTO [dbo].[KhuyenMai] ([idKhuyenMai], [maKhuyenMai], [tenChuongTrinh], [moTa], [loaiGiamGia], [giaTriGiam], [ngayBatDau], [ngayKetThuc], [dieuKienApDung], [soLuongConLai], [TrangThai], [GiamToiDa], [IdSanPhamApDung], [HoaDonToiThieu], [GioBatDau], [GioKetThuc], [NgayTrongTuan]) VALUES (5, N'HETHD', N'Chương trình đã hết hạn', N'Chương trình đã hết hạn', N'PhanTram', CAST(10.00 AS Decimal(18, 2)), N'2025-10-01 00:00:00', N'2025-10-31 00:00:00', N'', 100, N'Hết hạn', CAST(50000.00 AS Decimal(18, 2)), NULL, CAST(0.00 AS Decimal(18, 2)), N'00:00:00', N'00:00:00', NULL)
INSERT INTO [dbo].[KhuyenMai] ([idKhuyenMai], [maKhuyenMai], [tenChuongTrinh], [moTa], [loaiGiamGia], [giaTriGiam], [ngayBatDau], [ngayKetThuc], [dieuKienApDung], [soLuongConLai], [TrangThai], [GiamToiDa], [IdSanPhamApDung], [HoaDonToiThieu], [GioBatDau], [GioKetThuc], [NgayTrongTuan]) VALUES (6, N'GIAM15', N'Giảm 15k cho đơn từ 120k', N'Giảm 15k cho đơn từ 120k', N'SoTien', CAST(15000.00 AS Decimal(18, 2)), N'2025-11-01 00:00:00', N'2025-11-15 00:00:00', N'', 100, N'Hoạt động', NULL, NULL, CAST(120000.00 AS Decimal(18, 2)), N'00:00:00', N'23:59:00', NULL)
INSERT INTO [dbo].[KhuyenMai] ([idKhuyenMai], [maKhuyenMai], [tenChuongTrinh], [moTa], [loaiGiamGia], [giaTriGiam], [ngayBatDau], [ngayKetThuc], [dieuKienApDung], [soLuongConLai], [TrangThai], [GiamToiDa], [IdSanPhamApDung], [HoaDonToiThieu], [GioBatDau], [GioKetThuc], [NgayTrongTuan]) VALUES (7, N'HAPPYHOUR', N'Giờ vàng (14h-16h) giảm 20%', N'Giờ vàng (14h-16h) giảm 20%', N'PhanTram', CAST(20.00 AS Decimal(18, 2)), N'2025-11-01 00:00:00', N'2025-11-30 00:00:00', N'Giảm 20% Giảm tối đa 70k cho đơn tối thiểu 0đ', 100, N'Hoạt động', CAST(70000.00 AS Decimal(18, 2)), NULL, NULL, N'14:00:00', N'20:00:00', NULL)
INSERT INTO [dbo].[KhuyenMai] ([idKhuyenMai], [maKhuyenMai], [tenChuongTrinh], [moTa], [loaiGiamGia], [giaTriGiam], [ngayBatDau], [ngayKetThuc], [dieuKienApDung], [soLuongConLai], [TrangThai], [GiamToiDa], [IdSanPhamApDung], [HoaDonToiThieu], [GioBatDau], [GioKetThuc], [NgayTrongTuan]) VALUES (8, N'TAMNGUNG', N'KM Tạm ngưng', N'KM Tạm ngưng', N'PhanTram', CAST(10.00 AS Decimal(18, 2)), N'2025-11-01 00:00:00', N'2025-12-01 00:00:00', N'', 100, N'Tạm dừng', CAST(10000.00 AS Decimal(18, 2)), NULL, NULL, N'00:00:00', N'23:59:00', NULL)
INSERT INTO [dbo].[KhuyenMai] ([idKhuyenMai], [maKhuyenMai], [tenChuongTrinh], [moTa], [loaiGiamGia], [giaTriGiam], [ngayBatDau], [ngayKetThuc], [dieuKienApDung], [soLuongConLai], [TrangThai], [GiamToiDa], [IdSanPhamApDung], [HoaDonToiThieu], [GioBatDau], [GioKetThuc], [NgayTrongTuan]) VALUES (9, N'THỨ 2 VUI VẺ ', N'thứ 2 vui vẻ ', N'thứ 2 vui vẻ ', N'SoTien', CAST(20000.00 AS Decimal(18, 2)), N'2025-11-05 00:00:00', N'2025-11-12 00:00:00', N'Giảm 20k cho đơn 150k vào thứ 2', 100, N'Hoạt động', NULL, NULL, CAST(150000.00 AS Decimal(18, 2)), N'00:00:00', N'23:59:00', N'Thứ 2')
INSERT INTO [dbo].[KhuyenMai] ([idKhuyenMai], [maKhuyenMai], [tenChuongTrinh], [moTa], [loaiGiamGia], [giaTriGiam], [ngayBatDau], [ngayKetThuc], [dieuKienApDung], [soLuongConLai], [TrangThai], [GiamToiDa], [IdSanPhamApDung], [HoaDonToiThieu], [GioBatDau], [GioKetThuc], [NgayTrongTuan]) VALUES (10, N'CAFEDEN', N'Cà Phê Đen (Nóng/Đá)', N'Cà Phê Đen (Nóng/Đá)', N'PhanTram', CAST(10.00 AS Decimal(18, 2)), N'2025-11-05 00:00:00', N'2025-11-12 00:00:00', N'Cà Phê Đen (Nóng/Đá)', 1, N'Hoạt động', CAST(5000.00 AS Decimal(18, 2)), 1, NULL, N'00:00:00', N'23:59:00', NULL)
SET IDENTITY_INSERT [dbo].[KhuyenMai] OFF
///////////////////
SET IDENTITY_INSERT [dbo].[GiaoDichThanhToan] ON
INSERT INTO [dbo].[GiaoDichThanhToan] ([idGiaoDich], [idHoaDon], [MaGiaoDichNgoai], [CongThanhToan], [SoTien], [ThoiGianGiaoDich], [TrangThai], [MaLoi], [MoTaLoi]) VALUES (1, 2, N'HD_1102_001', N'Tiền mặt', CAST(55000.00 AS Decimal(18, 2)), N'2025-11-02 11:00:00', N'Thành công', NULL, NULL)
INSERT INTO [dbo].[GiaoDichThanhToan] ([idGiaoDich], [idHoaDon], [MaGiaoDichNgoai], [CongThanhToan], [SoTien], [ThoiGianGiaoDich], [TrangThai], [MaLoi], [MoTaLoi]) VALUES (2, 3, N'HD_1103_001', N'Tiền mặt', CAST(80000.00 AS Decimal(18, 2)), N'2025-11-03 09:30:00', N'Thành công', NULL, NULL)
INSERT INTO [dbo].[GiaoDichThanhToan] ([idGiaoDich], [idHoaDon], [MaGiaoDichNgoai], [CongThanhToan], [SoTien], [ThoiGianGiaoDich], [TrangThai], [MaLoi], [MoTaLoi]) VALUES (3, 4, N'HD_1103_002', N'Momo', CAST(40000.00 AS Decimal(18, 2)), N'2025-11-03 11:05:00', N'Thành công', NULL, NULL)
INSERT INTO [dbo].[GiaoDichThanhToan] ([idGiaoDich], [idHoaDon], [MaGiaoDichNgoai], [CongThanhToan], [SoTien], [ThoiGianGiaoDich], [TrangThai], [MaLoi], [MoTaLoi]) VALUES (4, 5, N'GRAB_XYZ', N'GrabPay', CAST(90000.00 AS Decimal(18, 2)), N'2025-11-03 14:05:00', N'Thành công', NULL, NULL)
INSERT INTO [dbo].[GiaoDichThanhToan] ([idGiaoDich], [idHoaDon], [MaGiaoDichNgoai], [CongThanhToan], [SoTien], [ThoiGianGiaoDich], [TrangThai], [MaLoi], [MoTaLoi]) VALUES (5, 1, N'VNPAY_ABC', N'VNPAY', CAST(90000.00 AS Decimal(18, 2)), N'2025-11-03 19:30:00', N'Đang chờ', NULL, NULL)
INSERT INTO [dbo].[GiaoDichThanhToan] ([idGiaoDich], [idHoaDon], [MaGiaoDichNgoai], [CongThanhToan], [SoTien], [ThoiGianGiaoDich], [TrangThai], [MaLoi], [MoTaLoi]) VALUES (6, 7, N'VIP_ROOM_001', N'Tiền mặt', CAST(300000.00 AS Decimal(18, 2)), N'2025-11-02 16:00:00', N'Thành công', NULL, NULL)
INSERT INTO [dbo].[GiaoDichThanhToan] ([idGiaoDich], [idHoaDon], [MaGiaoDichNgoai], [CongThanhToan], [SoTien], [ThoiGianGiaoDich], [TrangThai], [MaLoi], [MoTaLoi]) VALUES (7, 8, N'HD_1104_001', N'Momo', CAST(65000.00 AS Decimal(18, 2)), N'2025-11-04 08:05:00', N'Thành công', NULL, NULL)
INSERT INTO [dbo].[GiaoDichThanhToan] ([idGiaoDich], [idHoaDon], [MaGiaoDichNgoai], [CongThanhToan], [SoTien], [ThoiGianGiaoDich], [TrangThai], [MaLoi], [MoTaLoi]) VALUES (8, 1, N'VNPAY_ABC', N'VNPAY', CAST(90000.00 AS Decimal(18, 2)), N'2025-11-03 19:35:00', N'Thất bại', NULL, NULL)
SET IDENTITY_INSERT [dbo].[GiaoDichThanhToan] OFF
///////////////////
SET IDENTITY_INSERT [dbo].[PhuThu] ON
INSERT INTO [dbo].[PhuThu] ([idPhuThu], [TenPhuThu], [GiaTri], [LoaiGiaTri]) VALUES (1, N'VAT (10%)', CAST(10.00 AS Decimal(18, 2)), N'%')
INSERT INTO [dbo].[PhuThu] ([idPhuThu], [TenPhuThu], [GiaTri], [LoaiGiaTri]) VALUES (2, N'Phí phục vụ (5%)', CAST(5.00 AS Decimal(18, 2)), N'%')
INSERT INTO [dbo].[PhuThu] ([idPhuThu], [TenPhuThu], [GiaTri], [LoaiGiaTri]) VALUES (3, N'Phụ thu Lễ/Tết', CAST(20.00 AS Decimal(18, 2)), N'%')
INSERT INTO [dbo].[PhuThu] ([idPhuThu], [TenPhuThu], [GiaTri], [LoaiGiaTri]) VALUES (4, N'Phụ thu phòng VIP', CAST(50000.00 AS Decimal(18, 2)), N'VND')
INSERT INTO [dbo].[PhuThu] ([idPhuThu], [TenPhuThu], [GiaTri], [LoaiGiaTri]) VALUES (5, N'Phí mang về', CAST(5000.00 AS Decimal(18, 2)), N'VND')
INSERT INTO [dbo].[PhuThu] ([idPhuThu], [TenPhuThu], [GiaTri], [LoaiGiaTri]) VALUES (6, N'Giảm giá thành viên VIP', CAST(-15.00 AS Decimal(18, 2)), N'%')
INSERT INTO [dbo].[PhuThu] ([idPhuThu], [TenPhuThu], [GiaTri], [LoaiGiaTri]) VALUES (7, N'Phụ thu sau 22h', CAST(15.00 AS Decimal(18, 2)), N'%')
INSERT INTO [dbo].[PhuThu] ([idPhuThu], [TenPhuThu], [GiaTri], [LoaiGiaTri]) VALUES (8, N'Phí giữ xe', CAST(3000.00 AS Decimal(18, 2)), N'VND')
SET IDENTITY_INSERT [dbo].[PhuThu] OFF
////////////////////
INSERT INTO [dbo].[ChiTietPhuThuHoaDon] ([idHoaDon], [idPhuThu], [SoTien]) VALUES (4, 5, CAST(5000.00 AS Decimal(18, 2)))
INSERT INTO [dbo].[ChiTietPhuThuHoaDon] ([idHoaDon], [idPhuThu], [SoTien]) VALUES (7, 4, CAST(50000.00 AS Decimal(18, 2)))
INSERT INTO [dbo].[ChiTietPhuThuHoaDon] ([idHoaDon], [idPhuThu], [SoTien]) VALUES (8, 5, CAST(5000.00 AS Decimal(18, 2)))
///////////////////////
Phát triển **màn hình thanh toán (`ThanhToanView.xaml` + `ThanhToanView.xaml.cs`)** trong ứng dụng quản lý quán cà phê (AppCafebookApi) sao cho:

* Kết nối đầy đủ với **các bảng dữ liệu thực tế**: `HoaDon`, `ChiTietHoaDon`, `PhuThu`, `KhuyenMai`, `GiaoDichThanhToan`.
* Hỗ trợ **tự động nhận hóa đơn từ màn hình gọi món**, hiển thị chi tiết sản phẩm, phụ thu, giảm giá, tổng tiền.
* Cho phép **áp dụng nhiều phương thức thanh toán**, **chia hóa đơn**, và **lưu lịch sử giao dịch**.

---

### ⚙️ Chức năng cần có

#### 1️⃣ Nhận dữ liệu hóa đơn hiện tại

* Khi người dùng ấn “Thanh toán” ở **màn hình gọi món**, ứng dụng:

  * Tự động lưu hóa đơn tạm (`trangThai = 'Chưa thanh toán'`).
  * Chuyển sang `ThanhToanView.xaml`, truyền `idHoaDon` và danh sách `ChiTietHoaDon`.
  * Tự động tải:

    * Danh sách món (`ChiTietHoaDon`).
    các phụ thu (`PhuThu`).được chọn ở màn hình thanh toán.
    * Các **phụ thu** và **giảm giá** áp dụng từ bảng `ChiTietPhuThuHoaDon` & `HoaDon_KhuyenMai`.
    * Tổng tiền gốc (`tongTienGoc`), giảm giá (`giamGia`), và tổng phụ thu (`TongPhuThu`).

---

#### 2️⃣ Hiển thị thông tin chi tiết hóa đơn

Trong `ThanhToanView.xaml`, hiển thị:

* Danh sách món ăn: tên món, số lượng, đơn giá, thành tiền.
* Danh sách phụ thu (VAT, phí phục vụ, mang về…).
* Khu vực khuyến mãi: hiển thị các chương trình đang hoạt động (lọc theo thời gian, trạng thái).
* Tổng cộng, giảm giá, tiền phải trả, tiền khách đưa, tiền thừa.

---

#### 3️⃣ Phương thức thanh toán

* Hỗ trợ chọn **một hoặc nhiều** phương thức:

  * Tiền mặt
  * Thẻ tín dụng
  * Ví điện tử (Momo, ZaloPay)
  * Chuyển khoản ngân hàng
* Nếu chia hóa đơn:

  * Người dùng có thể **chọn món để thanh toán riêng**.
  * Tự động tạo **nhiều bản ghi `GiaoDichThanhToan`** tương ứng.

---

#### 4️⃣ Xử lý xác nhận thanh toán

Khi nhấn nút **“Xác nhận thanh toán”**:

* Tạo bản ghi mới trong bảng `GiaoDichThanhToan`:

  ```sql
  INSERT INTO GiaoDichThanhToan (idGiaoDich,idHoaDon, MaGiaoDichNgoai, CongThanhToan, SoTien, ThoiGianGiaoDich, TrangThai, MaLoi, MoTaMaLoi)
  VALUES (..., N'Tiền mặt', 55000, GETDATE(), N'Thành công')
  ```
* Cập nhật `HoaDon.trangThai = 'Đã thanh toán'` và `thoiGianThanhToan = GETDATE()`.
* Nếu chia hóa đơn, cập nhật riêng từng phần hóa đơn con.
* Hiển thị thông báo xác nhận, kèm lựa chọn:

  * “In phiếu thanh toán”(cập nhật sau)
  * “Trở về màn hình gọi món”

---

#### 5️⃣ Tính toán tổng tiền

Logic tính toán trong `ThanhToanView.xaml.cs`:

```csharp
decimal tongTien = hoaDon.TongTienGoc;
decimal giamGia = hoaDon.GiamGia ?? 0;
decimal phuThu = hoaDon.TongPhuThu ?? 0;
decimal tongPhaiTra = tongTien - giamGia + phuThu;
```

Nếu có khuyến mãi loại `Phantram`, tính theo phần trăm.
Nếu loại `SoTien`, trừ trực tiếp.

---

#### 6️⃣ Kiểm soát lỗi & NullReferenceException

Đảm bảo các đối tượng:

```csharp
HoaDonDto hoaDon;
List<ChiTietHoaDonDto> chiTietHoaDon;
List<PhuThuDto> danhSachPhuThu;
```

được khởi tạo trước khi gọi sự kiện như `PaymentMethod_Changed`.

---

#### 7️⃣ Tích hợp giao diện người dùng

Các điều khiển cần có:

* `ComboBox` chọn phương thức thanh toán.
* `ListView` hiển thị món ăn.
* `ListView` hiển thị phụ thu.
* `TextBox` nhập tiền khách đưa.
* `Button` “Xác nhận thanh toán” và “Chia hóa đơn”.
* `Popup` hiển thị chọn món khi chia hóa đơn.

---



### ✅ Kết quả mong muốn

* Khi người dùng chọn bàn → gọi món → ấn “Thanh toán” → `ThanhToanView` hiển thị hóa đơn chi tiết, khuyến mãi, phụ thu, tổng cộng, có thể chia hóa đơn & xác nhận thanh toán.
* Sau khi xác nhận:

  * Dữ liệu được lưu vào `HoaDon`, `GiaoDichThanhToan`.
  * Hóa đơn chuyển sang trạng thái “Đã thanh toán”.
  * Có thể in phiếu hoặc quay lại.
  * Cộng điểm [diemTichLuy] vào cho nếu là khách hàng là thành viên tại quán.
quy định nằm trong bảng cài đặt
* Dùng điểm Tích lũy để thanh toán hóa đơn cũng theo quy định trong bảng cài đặt.
INSERT INTO [dbo].[CaiDat] ([tenCaiDat], [giaTri], [moTa]) VALUES (N'DiemTichLuy_DoiVND', N'1000', N'1 điểm tích lũy bằng ... VND trừ vào hóa đơn')
INSERT INTO [dbo].[CaiDat] ([tenCaiDat], [giaTri], [moTa]) VALUES (N'DiemTichLuy_NhanVND', N'10000', N'Mỗi ... VND trong hóa đơn được 1 điểm')
---
Severity	Code	Description	Project	File	Line	Suppression State	Details

Error (active)	ENC0097	Applying source changes while the application is running is not supported by the runtime.	CafebookModel	E:\Tai Lieu Hoc Tap\CS 445 AM\Project\CafebookModel\Model\ModelApp\NhanVien\ThanhToanDto.cs	1		

Error (active)	CS1061	'ThanhToanViewDto' does not contain a definition for 'KhachHangsList' and no accessible extension method 'KhachHangsList' accepting a first argument of type 'ThanhToanViewDto' could be found (are you missing a using directive or an assembly reference?)	AppCafebookApi	E:\Tai Lieu Hoc Tap\CS 445 AM\Project\AppCafebookApi\AppCafebookApi\View\nhanvien\pages\ThanhToanView.xaml.cs	96		

Error (active)	CS0103	The name '_availableKms' does not exist in the current context	AppCafebookApi	E:\Tai Lieu Hoc Tap\CS 445 AM\Project\AppCafebookApi\AppCafebookApi\View\nhanvien\pages\ThanhToanView.xaml.cs	259		

Error (active)	CS0103	The name '_availableKms' does not exist in the current context	AppCafebookApi	E:\Tai Lieu Hoc Tap\CS 445 AM\Project\AppCafebookApi\AppCafebookApi\View\nhanvien\pages\ThanhToanView.xaml.cs	430		

Error (active)	CS0103	The name '_availableKms' does not exist in the current context	AppCafebookApi	E:\Tai Lieu Hoc Tap\CS 445 AM\Project\AppCafebookApi\AppCafebookApi\View\nhanvien\pages\ThanhToanView.xaml.cs	441		

Error (active)	CS0103	The name '_availableKms' does not exist in the current context	AppCafebookApi	E:\Tai Lieu Hoc Tap\CS 445 AM\Project\AppCafebookApi\AppCafebookApi\View\nhanvien\pages\ThanhToanView.xaml.cs	447		

Error (active)	CS0117	'ThanhToanViewDto' does not contain a definition for 'KhachHangsList'	CafebookApi	E:\Tai Lieu Hoc Tap\CS 445 AM\Project\CafebookApi\Controllers\App\NhanVien\ThanhToanController.cs	124		

Error (active)	CS0006	Metadata file 'E:\Tai Lieu Hoc Tap\CS 445 AM\Project\CafebookApi\obj\Debug\net8.0\ref\CafebookApi.dll' could not be found	WebCafebookApi	E:\Tai Lieu Hoc Tap\CS 445 AM\Project\WebCafebookApi\CSC	1		

////////////////

fix lỗi khi thêm code mới.